-- phpMyAdmin SQL Dump
-- version 4.8.5
-- https://www.phpmyadmin.net/
--
-- Servidor: 127.0.0.1
-- Tiempo de generación: 22-02-2025 a las 02:06:11
-- Versión del servidor: 10.1.39-MariaDB
-- Versión de PHP: 7.3.5

SET SQL_MODE = "NO_AUTO_VALUE_ON_ZERO";
SET AUTOCOMMIT = 0;
START TRANSACTION;
SET time_zone = "+00:00";


/*!40101 SET @OLD_CHARACTER_SET_CLIENT=@@CHARACTER_SET_CLIENT */;
/*!40101 SET @OLD_CHARACTER_SET_RESULTS=@@CHARACTER_SET_RESULTS */;
/*!40101 SET @OLD_COLLATION_CONNECTION=@@COLLATION_CONNECTION */;
/*!40101 SET NAMES utf8mb4 */;

--
-- Base de datos: `spoti`
--

-- --------------------------------------------------------

--
-- Estructura de tabla para la tabla `artisacanciones`
--

CREATE TABLE `artisacanciones` (
  `id` int(11) NOT NULL,
  `artista_id` int(11) NOT NULL,
  `canciones_id` int(11) NOT NULL
) ENGINE=InnoDB DEFAULT CHARSET=utf8;

--
-- Volcado de datos para la tabla `artisacanciones`
--

INSERT INTO `artisacanciones` (`id`, `artista_id`, `canciones_id`) VALUES
(1, 1, 1),
(2, 2, 3),
(3, 3, 4),
(4, 4, 2),
(5, 5, 6),
(6, 1, 7),
(7, 3, 2);

-- --------------------------------------------------------

--
-- Estructura de tabla para la tabla `artistas`
--

CREATE TABLE `artistas` (
  `id` int(11) NOT NULL,
  `Nombre` varchar(100) NOT NULL,
  `descripcion` varchar(300) NOT NULL
) ENGINE=InnoDB DEFAULT CHARSET=utf8;

--
-- Volcado de datos para la tabla `artistas`
--

INSERT INTO `artistas` (`id`, `Nombre`, `descripcion`) VALUES
(1, 'Luis Angel Nuñez Soto', 'Rapero de los 90\'s'),
(2, 'Uriel Rodriguez Rojo', 'Cantante de Reggaeton'),
(3, 'David Sebastián Payan Serrano', 'Rey de las Cumbias'),
(4, 'Cesar Alexis Lopéz Molina ', 'NPC'),
(5, 'Bayron Uriel Estrada Camacho ', 'Le sabe al chipost ');

-- --------------------------------------------------------

--
-- Estructura de tabla para la tabla `canciones`
--

CREATE TABLE `canciones` (
  `id` int(11) NOT NULL,
  `Nombre` varchar(200) NOT NULL,
  `genero_id` int(11) NOT NULL,
  `duracion` time NOT NULL,
  `fecha` date NOT NULL,
  `activo` tinyint(4) NOT NULL,
  `foto` varchar(100) NOT NULL
) ENGINE=InnoDB DEFAULT CHARSET=utf8;

--
-- Volcado de datos para la tabla `canciones`
--

INSERT INTO `canciones` (`id`, `Nombre`, `genero_id`, `duracion`, `fecha`, `activo`, `foto`) VALUES
(1, 'Cpp', 1, '00:08:12', '2025-02-28', 1, 'xdd'),
(2, 'El profesor Rochin', 3, '00:03:20', '2000-09-23', 1, 'no tiene xd'),
(3, 'Cpriel', 2, '00:02:00', '2024-12-12', 2, 'XD'),
(4, '090', 11, '00:01:15', '2012-09-11', 5, 'zZZ'),
(5, 'CEXAR', 9, '00:01:15', '2025-07-28', 3, 'DKHDAHKSHJ'),
(6, 'IBARRAysuhija', 10, '00:09:23', '2012-09-11', 4, 'hdsuidui'),
(7, 'sotoriel', 8, '00:09:23', '2022-09-23', 0, 'kskisisujfs');

-- --------------------------------------------------------

--
-- Estructura de tabla para la tabla `favoritos`
--

CREATE TABLE `favoritos` (
  `id` int(11) NOT NULL,
  `usuario_id` int(11) NOT NULL,
  `canciones_id` int(11) NOT NULL
) ENGINE=InnoDB DEFAULT CHARSET=utf8;

--
-- Volcado de datos para la tabla `favoritos`
--

INSERT INTO `favoritos` (`id`, `usuario_id`, `canciones_id`) VALUES
(1, 1, 1),
(2, 2, 2),
(3, 3, 3),
(4, 4, 4),
(5, 5, 5);

-- --------------------------------------------------------

--
-- Estructura de tabla para la tabla `generos`
--

CREATE TABLE `generos` (
  `id` int(11) NOT NULL,
  `Nombre` varchar(150) NOT NULL
) ENGINE=InnoDB DEFAULT CHARSET=utf8;

--
-- Volcado de datos para la tabla `generos`
--

INSERT INTO `generos` (`id`, `Nombre`) VALUES
(1, 'Rock'),
(2, 'Opera'),
(3, 'Pop'),
(4, 'Reggaeton'),
(5, 'Metal'),
(6, 'Salsa'),
(7, 'Ranchera '),
(8, 'Hip Hop'),
(9, 'Rap'),
(10, 'Jazz'),
(11, 'Cumbia');

-- --------------------------------------------------------

--
-- Estructura de tabla para la tabla `membresias`
--

CREATE TABLE `membresias` (
  `id` int(11) NOT NULL,
  `descripcion` varchar(100) NOT NULL,
  `precio` double NOT NULL
) ENGINE=InnoDB DEFAULT CHARSET=utf8;

--
-- Volcado de datos para la tabla `membresias`
--

INSERT INTO `membresias` (`id`, `descripcion`, `precio`) VALUES
(2, 'pobre', 200),
(3, 'semipobre', 150),
(4, 'Altapa', 200),
(5, 'Pirata', 100),
(6, 'luissoto', 400);

-- --------------------------------------------------------

--
-- Estructura de tabla para la tabla `playlist`
--

CREATE TABLE `playlist` (
  `id` int(11) NOT NULL,
  `Nombre` varchar(200) NOT NULL,
  `usuario_id` int(11) NOT NULL,
  `duracion` time NOT NULL,
  `totalcanciones` int(11) NOT NULL,
  `descripcion` varchar(200) NOT NULL,
  `publico` tinyint(4) NOT NULL
) ENGINE=InnoDB DEFAULT CHARSET=utf8;

--
-- Volcado de datos para la tabla `playlist`
--

INSERT INTO `playlist` (`id`, `Nombre`, `usuario_id`, `duracion`, `totalcanciones`, `descripcion`, `publico`) VALUES
(1, 'loki', 1, '00:28:15', 30, 'xd', 1),
(2, 'ibarra', 2, '94:00:06', 99, 'xd', 6),
(3, 'luis', 3, '00:09:23', 12, 'n ', 0),
(4, 'xd', 4, '00:05:00', 54, 'fdsfffgfgjkjfik', 4),
(5, 'tia paola', 5, '00:01:15', 2, 'sasassssssss', 7);

-- --------------------------------------------------------

--
-- Estructura de tabla para la tabla `playlistcanciones`
--

CREATE TABLE `playlistcanciones` (
  `id` int(11) NOT NULL,
  `playlist_id` int(11) NOT NULL,
  `canciones_id` int(11) NOT NULL,
  `usuario_id` int(11) NOT NULL
) ENGINE=InnoDB DEFAULT CHARSET=utf8;

--
-- Volcado de datos para la tabla `playlistcanciones`
--

INSERT INTO `playlistcanciones` (`id`, `playlist_id`, `canciones_id`, `usuario_id`) VALUES
(1, 1, 7, 5),
(2, 4, 3, 2),
(3, 3, 5, 5),
(4, 2, 6, 3),
(5, 5, 7, 1);

-- --------------------------------------------------------

--
-- Estructura de tabla para la tabla `usuarios`
--

CREATE TABLE `usuarios` (
  `id` int(11) NOT NULL,
  `Nombre` varchar(100) NOT NULL,
  `correo` varchar(200) NOT NULL,
  `membresias_id` int(11) NOT NULL
) ENGINE=InnoDB DEFAULT CHARSET=utf8;

--
-- Volcado de datos para la tabla `usuarios`
--

INSERT INTO `usuarios` (`id`, `Nombre`, `correo`, `membresias_id`) VALUES
(1, 'osman', 'pps@gmail.com', 2),
(2, 'Soto', 'st@gmail.com', 6),
(3, 'Rochin', 'rockchin@gmail.com', 5),
(4, 'cpriel', 'cpp@gmail.com', 3),
(5, 'luisnuñez', 'sy@xdd', 4);

--
-- Índices para tablas volcadas
--

--
-- Indices de la tabla `artisacanciones`
--
ALTER TABLE `artisacanciones`
  ADD PRIMARY KEY (`id`),
  ADD KEY `artista_id` (`artista_id`),
  ADD KEY `canciones_id` (`canciones_id`);

--
-- Indices de la tabla `artistas`
--
ALTER TABLE `artistas`
  ADD PRIMARY KEY (`id`);

--
-- Indices de la tabla `canciones`
--
ALTER TABLE `canciones`
  ADD PRIMARY KEY (`id`),
  ADD KEY `genero_id` (`genero_id`),
  ADD KEY `activo` (`activo`);

--
-- Indices de la tabla `favoritos`
--
ALTER TABLE `favoritos`
  ADD PRIMARY KEY (`id`),
  ADD KEY `usuario_id` (`usuario_id`),
  ADD KEY `canciones_id` (`canciones_id`);

--
-- Indices de la tabla `generos`
--
ALTER TABLE `generos`
  ADD PRIMARY KEY (`id`);

--
-- Indices de la tabla `membresias`
--
ALTER TABLE `membresias`
  ADD PRIMARY KEY (`id`),
  ADD KEY `precio` (`precio`);

--
-- Indices de la tabla `playlist`
--
ALTER TABLE `playlist`
  ADD PRIMARY KEY (`id`),
  ADD KEY `usuario_id` (`usuario_id`),
  ADD KEY `totalcanciones` (`totalcanciones`);

--
-- Indices de la tabla `playlistcanciones`
--
ALTER TABLE `playlistcanciones`
  ADD PRIMARY KEY (`id`),
  ADD KEY `playlist_id` (`playlist_id`),
  ADD KEY `canciones_id` (`canciones_id`),
  ADD KEY `usuario_id` (`usuario_id`);

--
-- Indices de la tabla `usuarios`
--
ALTER TABLE `usuarios`
  ADD PRIMARY KEY (`id`),
  ADD KEY `membresias_id` (`membresias_id`);

--
-- AUTO_INCREMENT de las tablas volcadas
--

--
-- AUTO_INCREMENT de la tabla `artisacanciones`
--
ALTER TABLE `artisacanciones`
  MODIFY `id` int(11) NOT NULL AUTO_INCREMENT, AUTO_INCREMENT=8;

--
-- AUTO_INCREMENT de la tabla `artistas`
--
ALTER TABLE `artistas`
  MODIFY `id` int(11) NOT NULL AUTO_INCREMENT, AUTO_INCREMENT=6;

--
-- AUTO_INCREMENT de la tabla `canciones`
--
ALTER TABLE `canciones`
  MODIFY `id` int(11) NOT NULL AUTO_INCREMENT, AUTO_INCREMENT=8;

--
-- AUTO_INCREMENT de la tabla `favoritos`
--
ALTER TABLE `favoritos`
  MODIFY `id` int(11) NOT NULL AUTO_INCREMENT, AUTO_INCREMENT=6;

--
-- AUTO_INCREMENT de la tabla `generos`
--
ALTER TABLE `generos`
  MODIFY `id` int(11) NOT NULL AUTO_INCREMENT, AUTO_INCREMENT=12;

--
-- AUTO_INCREMENT de la tabla `membresias`
--
ALTER TABLE `membresias`
  MODIFY `id` int(11) NOT NULL AUTO_INCREMENT, AUTO_INCREMENT=7;

--
-- AUTO_INCREMENT de la tabla `playlist`
--
ALTER TABLE `playlist`
  MODIFY `id` int(11) NOT NULL AUTO_INCREMENT, AUTO_INCREMENT=6;

--
-- AUTO_INCREMENT de la tabla `playlistcanciones`
--
ALTER TABLE `playlistcanciones`
  MODIFY `id` int(11) NOT NULL AUTO_INCREMENT, AUTO_INCREMENT=6;

--
-- AUTO_INCREMENT de la tabla `usuarios`
--
ALTER TABLE `usuarios`
  MODIFY `id` int(11) NOT NULL AUTO_INCREMENT, AUTO_INCREMENT=6;

--
-- Restricciones para tablas volcadas
--

--
-- Filtros para la tabla `artisacanciones`
--
ALTER TABLE `artisacanciones`
  ADD CONSTRAINT `artisacanciones_ibfk_1` FOREIGN KEY (`artista_id`) REFERENCES `artistas` (`id`),
  ADD CONSTRAINT `artisacanciones_ibfk_2` FOREIGN KEY (`canciones_id`) REFERENCES `canciones` (`id`);

--
-- Filtros para la tabla `canciones`
--
ALTER TABLE `canciones`
  ADD CONSTRAINT `canciones_ibfk_1` FOREIGN KEY (`genero_id`) REFERENCES `generos` (`id`);

--
-- Filtros para la tabla `favoritos`
--
ALTER TABLE `favoritos`
  ADD CONSTRAINT `favoritos_ibfk_1` FOREIGN KEY (`usuario_id`) REFERENCES `usuarios` (`id`),
  ADD CONSTRAINT `favoritos_ibfk_2` FOREIGN KEY (`canciones_id`) REFERENCES `canciones` (`id`);

--
-- Filtros para la tabla `playlist`
--
ALTER TABLE `playlist`
  ADD CONSTRAINT `playlist_ibfk_1` FOREIGN KEY (`usuario_id`) REFERENCES `usuarios` (`id`);

--
-- Filtros para la tabla `playlistcanciones`
--
ALTER TABLE `playlistcanciones`
  ADD CONSTRAINT `playlistcanciones_ibfk_1` FOREIGN KEY (`playlist_id`) REFERENCES `playlist` (`id`),
  ADD CONSTRAINT `playlistcanciones_ibfk_2` FOREIGN KEY (`canciones_id`) REFERENCES `canciones` (`id`),
  ADD CONSTRAINT `playlistcanciones_ibfk_3` FOREIGN KEY (`usuario_id`) REFERENCES `usuarios` (`id`);

--
-- Filtros para la tabla `usuarios`
--
ALTER TABLE `usuarios`
  ADD CONSTRAINT `usuarios_ibfk_1` FOREIGN KEY (`membresias_id`) REFERENCES `membresias` (`id`);
COMMIT;

/*!40101 SET CHARACTER_SET_CLIENT=@OLD_CHARACTER_SET_CLIENT */;
/*!40101 SET CHARACTER_SET_RESULTS=@OLD_CHARACTER_SET_RESULTS */;
/*!40101 SET COLLATION_CONNECTION=@OLD_COLLATION_CONNECTION */;
